nom_norm,moyenne_niveau_de_vie,n_obs,nom_commune_postal
abbeville la riviere,26652.9,28,ABBEVILLE LA RIVIERE
ableiges,29112.47,32,ABLEIGES
ablis,27816.23,70,ABLIS
ablon sur seine,26161.25,28,ABLON SUR SEINE
acheres,27361.23,86,ACHERES
acheres la foret,29841.66,58,ACHERES LA FORET
adainville,34763.72,72,ADAINVILLE
aigremont,43409.89,23,AIGREMONT
aincourt,29144.04,34,AINCOURT
alfortville,23580.94,75,ALFORTVILLE
allainville,28951.26,20,ALLAINVILLE
ambleville,27868.78,21,AMBLEVILLE
amenucourt,23343.79,17,AMENUCOURT
amillis,26891.51,71,AMILLIS
amponville,29229.38,22,AMPONVILLE
andelu,35074.21,14,ANDELU
andilly,30664.68,44,ANDILLY
andresy,31929.63,103,ANDRESY
andrezel,30518.55,15,ANDREZEL
angerville,23366.55,74,ANGERVILLE
angervilliers,29910.04,39,ANGERVILLIERS
annet sur marne,30582.29,58,ANNET SUR MARNE
antony,36094.11,207,ANTONY
arbonne la foret,30047.69,46,ARBONNE LA FORET
arcueil,26286.16,57,ARCUEIL
argenteuil,22275.7,360,ARGENTEUIL
argentieres,25224.92,16,ARGENTIERES
armentieres en brie,24387.62,28,ARMENTIERES EN BRIE
arnouville,21206.73,69,ARNOUVILLE
arnouville les mantes,32417.21,34,ARNOUVILLE LES MANTES
arpajon,25317.88,54,ARPAJON
arrancourt,26867.45,16,ARRANCOURT
arronville,29105.02,34,ARRONVILLE
arthies,29676.67,13,ARTHIES
arville,26254.59,12,ARVILLE
asnieres sur oise,28496.97,64,ASNIERES SUR OISE
asnieres sur seine,30606.12,112,ASNIERES SUR SEINE
athis mons,25406.7,153,ATHIS MONS
attainville,30269.45,25,ATTAINVILLE
aubepierre ozouer le repos,26772.8,49,AUBEPIERRE OZOUER LE REPOS
aubergenville,26950.69,98,AUBERGENVILLE
aubervilliers,16783.19,124,AUBERVILLIERS
auffargis,33169.27,79,AUFFARGIS
aufferville,25224.2,26,AUFFERVILLE
auffreville brasseuil,33348.78,30,AUFFREVILLE BRASSEUIL
augers en brie,26916.16,21,AUGERS EN BRIE
aulnay sous bois,21972.35,258,AULNAY SOUS BOIS
aulnay sur mauldre,31929.96,35,AULNAY SUR MAULDRE
aulnoy,31289.09,31,AULNOY
auteuil,33075.47,34,AUTEUIL
authon la plaine,27193.79,13,AUTHON LA PLAINE
autouillet,35392.1,28,AUTOUILLET
auvernaux,26631.23,9,AUVERNAUX
auvers st georges,29903.85,54,AUVERS ST GEORGES
auvers sur oise,28793.7,118,AUVERS SUR OISE
avernes,30508.35,31,AVERNES
avon,27526.21,61,AVON
avrainville,30947.54,39,AVRAINVILLE
baby,25022.03,6,BABY
bagneaux sur loing,23302.96,49,BAGNEAUX SUR LOING
bagneux,25045.44,85,BAGNEUX
bagnolet,20812.46,63,BAGNOLET
baillet en france,29992.83,32,BAILLET EN FRANCE
bailly,39901.03,33,BAILLY
bailly romainvilliers,29423.98,53,BAILLY ROMAINVILLIERS
ballainvilliers,30645.36,60,BALLAINVILLIERS
ballancourt sur essonne,27192.49,89,BALLANCOURT SUR ESSONNE
balloy,24518.36,19,BALLOY
bannost villegagnon,26479.34,47,BANNOST VILLEGAGNON
banthelu,28926.48,11,BANTHELU
barbey,26111.61,8,BARBEY
barbizon,34094.32,66,BARBIZON
barcy,26578.28,10,BARCY
bassevelle,25279.43,38,BASSEVELLE
baulne,28182.8,34,BAULNE
bazainville,32846.96,72,BAZAINVILLE
bazemont,36467.93,64,BAZEMONT
bazoches les bray,22960.98,45,BAZOCHES LES BRAY
bazoches sur guyonne,39889.83,47,BAZOCHES SUR GUYONNE
beauchamp,29279.71,61,BEAUCHAMP
beauchery st martin,24822.05,37,BEAUCHERY ST MARTIN
beaumont du gatinais,24373.95,48,BEAUMONT DU GATINAIS
beaumont sur oise,23979.08,63,BEAUMONT SUR OISE
beauvoir,28141.94,8,BEAUVOIR
behoust,34404.25,23,BEHOUST
bellefontaine,29018.03,15,BELLEFONTAINE
bellot,24615.11,52,BELLOT
belloy en france,27495.58,36,BELLOY EN FRANCE
bennecourt,24905.45,61,BENNECOURT
bernay vilbert,27704.99,55,BERNAY VILBERT
bernes sur oise,23949.49,34,BERNES SUR OISE
berville,28746.23,26,BERVILLE
bessancourt,29508.57,62,BESSANCOURT
bethemont la foret,32376.78,14,BETHEMONT LA FORET
beton bazoches,25453.83,48,BETON BAZOCHES
beynes,31133.96,129,BEYNES
bezalles,25211.74,15,BEZALLES
bezons,23006.06,79,BEZONS
bievres,36953.43,77,BIEVRES
blandy,29045.24,35,BLANDY
blaru,28151.77,72,BLARU
blennes,25501.3,58,BLENNES
bobigny,18074.45,128,BOBIGNY
boigneville,29541.37,32,BOIGNEVILLE
boinville en mantois,30521.92,11,BOINVILLE EN MANTOIS
boinville le gaillard,27937.35,29,BOINVILLE LE GAILLARD
boinvilliers,33055.94,17,BOINVILLIERS
bois colombes,36306.66,49,BOIS COLOMBES
bois d arcy,30767.5,69,BOIS D ARCY
bois herpin,31937.27,5,BOIS HERPIN
bois le roi,33212.47,128,BOIS LE ROI
boisdon,25033.36,8,BOISDON
boisemont,32400.3,23,BOISEMONT
boissets,27849.8,16,BOISSETS
boissettes,30767.76,24,BOISSETTES
boissise la bertrand,32052.16,38,BOISSISE LA BERTRAND
boissise le roi,30205.37,66,BOISSISE LE ROI
boissy aux cailles,30617.48,26,BOISSY AUX CAILLES
boissy l aillerie,28443.26,39,BOISSY L AILLERIE
boissy la riviere,30175.75,43,BOISSY LA RIVIERE
boissy le chatel,25584.18,101,BOISSY LE CHATEL
boissy le cutte,26367.09,27,BOISSY LE CUTTE
boissy le sec,27362.03,27,BOISSY LE SEC
boissy mauvoisin,27678.28,33,BOISSY MAUVOISIN
boissy sans avoir,33031.03,20,BOISSY SANS AVOIR
boissy sous st yon,27391.0,70,BOISSY SOUS ST YON
boissy st leger,25548.77,79,BOISSY ST LEGER
boitron,25177.54,26,BOITRON
bombon,26966.69,25,BOMBON
bondoufle,30952.71,81,BONDOUFLE
bondy,19624.15,131,BONDY
bonnelles,30482.04,43,BONNELLES
bonneuil en france,21308.53,15,BONNEUIL EN FRANCE
bonneuil sur marne,23322.32,56,BONNEUIL SUR MARNE
bonnieres sur seine,25059.64,57,BONNIERES SUR SEINE
bouafle,28948.67,44,BOUAFLE
bouffemont,28873.84,43,BOUFFEMONT
bougival,39582.94,57,BOUGIVAL
bougligny,24744.64,37,BOUGLIGNY
boulancourt,26286.03,26,BOULANCOURT
bouleurs,27145.68,52,BOULEURS
boullay les troux,37663.94,30,BOULLAY LES TROUX
boulogne billancourt,38997.09,136,BOULOGNE BILLANCOURT
bouqueval,23948.7,7,BOUQUEVAL
bouray sur juine,29970.16,39,BOURAY SUR JUINE
bourdonne,36943.78,47,BOURDONNE
bourg la reine,37925.18,48,BOURG LA REINE
bourron marlotte,29759.55,84,BOURRON MARLOTTE
boussy st antoine,28533.98,51,BOUSSY ST ANTOINE
boutervilliers,28992.09,14,BOUTERVILLIERS
boutigny,30349.84,38,BOUTIGNY
boutigny sur essonne,29009.92,104,BOUTIGNY SUR ESSONNE
bouville,28660.46,43,BOUVILLE
bransles,25054.29,56,BRANSLES
bray et lu,25762.12,23,BRAY ET LU
bray sur seine,22119.66,31,BRAY SUR SEINE
breancon,31044.57,25,BREANCON
breau,29362.11,10,BREAU
bretigny sur orge,26521.99,193,BRETIGNY SUR ORGE
breuil bois robert,32131.12,26,BREUIL BOIS ROBERT
breuillet,27299.69,101,BREUILLET
breux jouy,28119.48,40,BREUX JOUY
breval,28527.07,89,BREVAL
brie comte robert,26404.56,134,BRIE COMTE ROBERT
brieres les scelles,26417.42,31,BRIERES LES SCELLES
brignancourt,27892.82,10,BRIGNANCOURT
briis sous forges,29463.23,72,BRIIS SOUS FORGES
brou sur chantereine,26705.03,21,BROU SUR CHANTEREINE
brouy,28657.72,9,BROUY
brueil en vexin,31290.66,28,BRUEIL EN VEXIN
brunoy,29776.27,150,BRUNOY
bruyeres le chatel,27614.1,58,BRUYERES LE CHATEL
bruyeres sur oise,24316.02,35,BRUYERES SUR OISE
bry sur marne,33422.25,73,BRY SUR MARNE
buc,38010.69,67,BUC
buchelay,24932.79,42,BUCHELAY
buhy,26619.65,15,BUHY
bullion,36304.93,72,BULLION
buno bonnevaux,26761.73,38,BUNO BONNEVAUX
burcy,25039.0,11,BURCY
bures sur yvette,33953.21,87,BURES SUR YVETTE
bussieres,22622.93,33,BUSSIERES
bussy st georges,30330.41,125,BUSSY ST GEORGES
bussy st martin,34545.22,21,BUSSY ST MARTIN
buthiers,26813.17,57,BUTHIERS
butry sur oise,28965.45,36,BUTRY SUR OISE
cachan,29381.71,69,CACHAN
cannes ecluse,24217.51,51,CANNES ECLUSE
carnetin,28692.5,12,CARNETIN
carrieres sous poissy,27899.42,76,CARRIERES SOUS POISSY
carrieres sur seine,33944.08,88,CARRIERES SUR SEINE
cely,31331.69,45,CELY
cergy,24726.96,225,CERGY
cernay la ville,34167.97,37,CERNAY LA VILLE
cerneux,24714.03,28,CERNEUX
cerny,28601.89,94,CERNY
cesson,27488.88,75,CESSON
cessoy en montois,24931.51,15,CESSOY EN MONTOIS
chailly en biere,27631.29,87,CHAILLY EN BIERE
chailly en brie,26510.01,91,CHAILLY EN BRIE
chaintreaux,25519.27,66,CHAINTREAUX
chalautre la grande,24291.58,35,CHALAUTRE LA GRANDE
chalautre la petite,26739.96,24,CHALAUTRE LA PETITE
chalifert,28337.56,37,CHALIFERT
chalmaison,23947.99,31,CHALMAISON
chalo st mars,29117.73,83,CHALO ST MARS
chalou moulineux,27286.3,20,CHALOU MOULINEUX
chamarande,29112.62,40,CHAMARANDE
chambourcy,41687.63,70,CHAMBOURCY
chambry,27256.44,28,CHAMBRY
chamigny,26068.5,62,CHAMIGNY
champagne sur oise,28511.89,82,CHAMPAGNE SUR OISE
champagne sur seine,23248.22,69,CHAMPAGNE SUR SEINE
champcenest,24900.32,19,CHAMPCENEST
champcueil,29504.91,67,CHAMPCUEIL
champdeuil,27479.56,14,CHAMPDEUIL
champeaux,27172.81,23,CHAMPEAUX
champigny sur marne,25442.95,254,CHAMPIGNY SUR MARNE
champlan,25919.82,51,CHAMPLAN
champmotteux,26588.33,15,CHAMPMOTTEUX
champs sur marne,26407.77,105,CHAMPS SUR MARNE
changis sur marne,26997.6,30,CHANGIS SUR MARNE
chanteloup en brie,28580.52,45,CHANTELOUP EN BRIE
chanteloup les vignes,26697.77,60,CHANTELOUP LES VIGNES
chapet,33872.79,33,CHAPET
charenton le pont,29806.02,37,CHARENTON LE PONT
charmentray,27877.62,13,CHARMENTRAY
charmont,26169.4,4,CHARMONT
charny,28311.25,24,CHARNY
chars,28140.96,44,CHARS
chartrettes,31918.48,74,CHARTRETTES
chartronges,25129.61,19,CHARTRONGES
chateau landon,23022.46,135,CHATEAU LANDON
chateaubleau,24618.79,15,CHATEAUBLEAU
chateaufort,38733.98,34,CHATEAUFORT
chatenay en france,31989.03,5,CHATENAY EN FRANCE
chatenay malabry,32784.49,113,CHATENAY MALABRY
chatenay sur seine,24619.84,36,CHATENAY SUR SEINE
chatenoy,23891.52,9,CHATENOY
chatignonville,28829.73,6,CHATIGNONVILLE
chatillon,33089.51,69,CHATILLON
chatillon la borde,29369.87,8,CHATILLON LA BORDE
chatou,38115.84,113,CHATOU
chatres,30885.71,29,CHATRES
chauconin neufmontiers,27792.41,36,CHAUCONIN NEUFMONTIERS
chauffour les etrechy,31125.82,7,CHAUFFOUR LES ETRECHY
chauffry,25497.98,42,CHAUFFRY
chaufour les bonnieres,27637.14,13,CHAUFOUR LES BONNIERES
chaumes en brie,27555.61,98,CHAUMES EN BRIE
chaumontel,28501.32,52,CHAUMONTEL
chaussy,27238.65,35,CHAUSSY
chauvry,30597.42,11,CHAUVRY
chavenay,42248.33,35,CHAVENAY
chaville,37869.57,59,CHAVILLE
chelles,25602.56,292,CHELLES
chennevieres les louvres,25409.96,7,CHENNEVIERES LES LOUVRES
chennevieres sur marne,28624.73,106,CHENNEVIERES SUR MARNE
chenoise,24187.54,76,CHENOISE
chenou,25178.13,26,CHENOU
cheptainville,28827.7,39,CHEPTAINVILLE
cherence,27800.73,13,CHERENCE
chessy,30387.17,58,CHESSY
chevannes,30279.68,28,CHEVANNES
chevilly larue,25349.63,56,CHEVILLY LARUE
chevrainvilliers,27115.86,16,CHEVRAINVILLIERS
chevreuse,38851.48,122,CHEVREUSE
chevru,24932.49,45,CHEVRU
chevry cossigny,29604.69,57,CHEVRY COSSIGNY
chevry en sereine,25069.2,43,CHEVRY EN SEREINE
chilly mazarin,24945.68,72,CHILLY MAZARIN
choisel,37923.2,41,CHOISEL
choisy en brie,25793.4,87,CHOISY EN BRIE
choisy le roi,23714.72,107,CHOISY LE ROI
citry,23477.7,37,CITRY
civry la foret,29613.71,27,CIVRY LA FORET
clairefontaine en yvelines,38308.82,62,CLAIREFONTAINE EN YVELINES
clamart,33947.01,158,CLAMART
claye souilly,28379.64,127,CLAYE SOUILLY
clery en vexin,28791.37,19,CLERY EN VEXIN
clichy,24712.86,66,CLICHY
clichy sous bois,18706.45,68,CLICHY SOUS BOIS
clos fontaine,24306.17,12,CLOS FONTAINE
cocherel,24966.45,22,COCHEREL
coignieres,27813.81,58,COIGNIERES
collegien,27859.55,27,COLLEGIEN
colombes,28885.67,161,COLOMBES
combs la ville,26557.35,132,COMBS LA VILLE
commeny,26593.69,9,COMMENY
compans,23932.9,22,COMPANS
conches sur gondoire,31744.83,30,CONCHES SUR GONDOIRE
conde ste libiaire,28914.61,34,CONDE STE LIBIAIRE
conde sur vesgre,34633.88,64,CONDE SUR VESGRE
condecourt,28274.36,19,CONDECOURT
conflans ste honorine,29012.88,211,CONFLANS STE HONORINE
congerville thionville,25792.45,8,CONGERVILLE THIONVILLE
congis sur therouanne,26160.61,47,CONGIS SUR THEROUANNE
corbeil essonnes,21885.01,215,CORBEIL ESSONNES
corbreuse,28293.55,31,CORBREUSE
cormeilles en parisis,28949.5,153,CORMEILLES EN PARISIS
cormeilles en vexin,28169.99,36,CORMEILLES EN VEXIN
coubert,26685.87,26,COUBERT
coubron,26467.22,45,COUBRON
couilly pont aux dames,29152.89,71,COUILLY PONT AUX DAMES
coulombs en valois,24643.57,32,COULOMBS EN VALOIS
coulommes,26337.45,16,COULOMMES
coulommiers,23747.05,158,COULOMMIERS
coupvray,30757.39,64,COUPVRAY
courances,29653.52,15,COURANCES
courbevoie,33129.66,100,COURBEVOIE
courcelles en bassee,27389.76,19,COURCELLES EN BASSEE
courcelles sur viosne,30741.01,9,COURCELLES SUR VIOSNE
courchamp,25064.6,17,COURCHAMP
courdimanche,29596.28,48,COURDIMANCHE
courdimanche sur essonne,27137.24,18,COURDIMANCHE SUR ESSONNE
courgent,33190.68,21,COURGENT
courpalay,25410.08,49,COURPALAY
courquetaine,30155.23,17,COURQUETAINE
courson monteloup,30150.18,23,COURSON MONTELOUP
courtacon,23521.13,26,COURTACON
courtomer,27915.17,19,COURTOMER
courtry,25731.38,58,COURTRY
coutencon,25148.66,16,COUTENCON
coutevroult,26351.2,38,COUTEVROULT
cravent,27273.83,28,CRAVENT
crecy la chapelle,28187.48,111,CRECY LA CHAPELLE
cregy les meaux,25720.34,47,CREGY LES MEAUX
crespieres,36662.44,57,CRESPIERES
creteil,24972.87,190,CRETEIL
crevecoeur en brie,28489.11,19,CREVECOEUR EN BRIE
crisenoy,31129.5,21,CRISENOY
croissy beaubourg,29391.35,30,CROISSY BEAUBOURG
croissy sur seine,43141.16,70,CROISSY SUR SEINE
crosne,26532.4,56,CROSNE
crouy sur ourcq,24307.87,45,CROUY SUR OURCQ
cuisy,26539.95,14,CUISY
d huison longueville,27971.12,45,D HUISON LONGUEVILLE
dagny,27149.23,33,DAGNY
dammarie les lys,24900.83,155,DAMMARIE LES LYS
dammartin en goele,26617.5,102,DAMMARTIN EN GOELE
dammartin en serve,29639.62,37,DAMMARTIN EN SERVE
dammartin sur tigeaux,27963.99,34,DAMMARTIN SUR TIGEAUX
dampierre en yvelines,39098.68,54,DAMPIERRE EN YVELINES
dampmart,27954.44,44,DAMPMART
dannemarie,31558.92,18,DANNEMARIE
dannemois,29318.16,34,DANNEMOIS
darvault,25102.56,30,DARVAULT
daumazan sur arize,20707.69,49,DAUMAZAN SUR ARIZE
davron,43550.44,16,DAVRON
deuil la barre,27319.53,92,DEUIL LA BARRE
dhuisy,25948.29,19,DHUISY
diant,23710.31,21,DIANT
domont,27999.98,107,DOMONT
donnemarie dontilly,24216.83,77,DONNEMARIE DONTILLY
dormelles,28949.82,61,DORMELLES
doue,26629.05,69,DOUE
dourdan,27883.36,137,DOURDAN
douy la ramee,25612.18,16,DOUY LA RAMEE
drancy,19690.35,179,DRANCY
draveil,28865.95,197,DRAVEIL
drocourt,29708.79,14,DROCOURT
dugny,18692.81,29,DUGNY
eaubonne,29092.31,105,EAUBONNE
echarcon,30144.03,20,ECHARCON
echouboulains,24268.96,30,ECHOUBOULAINS
ecouen,27795.07,61,ECOUEN
ecquevilly,27393.34,47,ECQUEVILLY
egligny,25411.22,22,EGLIGNY
egly,27099.89,57,EGLY
egreville,24553.66,107,EGREVILLE
elancourt,30443.88,144,ELANCOURT
emance,31977.55,57,EMANCE
emerainville,27220.45,52,EMERAINVILLE
enghien les bains,32006.33,40,ENGHIEN LES BAINS
ennery,30524.92,39,ENNERY
epiais les louvres,26409.64,7,EPIAIS LES LOUVRES
epiais rhus,29442.18,31,EPIAIS RHUS
epinay champlatreux,24781.11,9,EPINAY CHAMPLATREUX
epinay sous senart,24398.42,41,EPINAY SOUS SENART
epinay sur orge,29308.82,73,EPINAY SUR ORGE
epinay sur seine,19871.44,108,EPINAY SUR SEINE
epone,28989.18,93,EPONE
eragny,27458.93,99,ERAGNY
ermont,28648.64,101,ERMONT
esbly,27184.14,69,ESBLY
escosse,22131.53,49,ESCOSSE
esmans,24121.94,41,ESMANS
etampes,23577.6,226,ETAMPES
etiolles,34636.96,53,ETIOLLES
etrechy,27571.35,103,ETRECHY
etrepilly,26129.57,21,ETREPILLY
evecquemont,32046.19,18,EVECQUEMONT
everly,23494.76,23,EVERLY
evry,23497.57,219,EVRY
evry gregy sur yerre,29240.85,72,EVRY GREGY SUR YERRE
ezanville,27523.48,55,EZANVILLE
fabas,20315.8,43,FABAS
faremoutiers,26205.47,55,FAREMOUTIERS
favieres,29708.75,51,FAVIERES
favrieux,30164.93,13,FAVRIEUX
fay les nemours,27038.24,25,FAY LES NEMOURS
fericy,30455.42,22,FERICY
ferolles attilly,32299.12,32,FEROLLES ATTILLY
ferrieres en brie,30106.2,32,FERRIERES EN BRIE
feucherolles,42395.48,82,FEUCHEROLLES
flacourt,32140.81,7,FLACOURT
flagy,26650.45,18,FLAGY
fleury en biere,32373.02,34,FLEURY EN BIERE
fleury merogis,23129.34,41,FLEURY MEROGIS
flexanville,32699.04,37,FLEXANVILLE
flins neuve eglise,28660.92,13,FLINS NEUVE EGLISE
flins sur seine,26785.41,30,FLINS SUR SEINE
follainville dennemont,26822.47,58,FOLLAINVILLE DENNEMONT
fontaine fourches,21967.36,22,FONTAINE FOURCHES
fontaine la riviere,29045.99,18,FONTAINE LA RIVIERE
fontaine le port,32058.01,47,FONTAINE LE PORT
fontainebleau,29983.7,133,FONTAINEBLEAU
fontains,28761.57,23,FONTAINS
fontenailles,26683.51,46,FONTENAILLES
fontenay aux roses,33348.71,59,FONTENAY AUX ROSES
fontenay en parisis,25225.1,38,FONTENAY EN PARISIS
fontenay le fleury,31685.14,51,FONTENAY LE FLEURY
fontenay le vicomte,29811.87,32,FONTENAY LE VICOMTE
fontenay les briis,29839.12,73,FONTENAY LES BRIIS
fontenay mauvoisin,29712.83,15,FONTENAY MAUVOISIN
fontenay sous bois,28258.85,126,FONTENAY SOUS BOIS
fontenay st pere,29290.26,38,FONTENAY ST PERE
fontenay tresigny,25463.67,83,FONTENAY TRESIGNY
forfry,27933.68,11,FORFRY
forges,23620.58,23,FORGES
forges les bains,31021.36,99,FORGES LES BAINS
fosses,24795.09,53,FOSSES
fouju,29324.23,15,FOUJU
franconville,26109.0,119,FRANCONVILLE
fremainville,31454.97,16,FREMAINVILLE
fremecourt,30177.95,20,FREMECOURT
freneuse,24358.7,77,FRENEUSE
frepillon,28899.0,35,FREPILLON
fresnes,27198.36,65,FRESNES
fresnes sur marne,28602.99,19,FRESNES SUR MARNE
fretoy,24970.47,16,FRETOY
fromont,27202.56,13,FROMONT
frouville,30676.88,24,FROUVILLE
fublaines,27006.18,28,FUBLAINES
gagny,24552.74,162,GAGNY
gaillon sur montcient,30687.14,27,GAILLON SUR MONTCIENT
galluis,31448.76,41,GALLUIS
gambais,36037.01,142,GAMBAIS
gambaiseuil,37449.37,13,GAMBAISEUIL
garancieres,32877.02,71,GARANCIERES
garches,43204.6,65,GARCHES
garentreville,24725.58,4,GARENTREVILLE
gargenville,25831.87,84,GARGENVILLE
garges les gonesse,17654.98,95,GARGES LES GONESSE
gastins,26780.55,31,GASTINS
gaudies,21389.86,32,GAUDIES
gazeran,32608.76,67,GAZERAN
genainville,28127.31,31,GENAINVILLE
genicourt,28468.16,17,GENICOURT
gennevilliers,20273.92,98,GENNEVILLIERS
gentilly,25019.95,28,GENTILLY
germigny l eveque,31445.03,60,GERMIGNY L EVEQUE
germigny sous coulombs,23262.15,9,GERMIGNY SOUS COULOMBS
gesvres le chapitre,29779.13,5,GESVRES LE CHAPITRE
gif sur yvette,36757.09,212,GIF SUR YVETTE
giremoutiers,25873.45,24,GIREMOUTIERS
gironville,25265.55,12,GIRONVILLE
gironville sur essonne,27027.35,36,GIRONVILLE SUR ESSONNE
gometz la ville,36288.56,49,GOMETZ LA VILLE
gometz le chatel,32122.43,40,GOMETZ LE CHATEL
gommecourt,25136.51,34,GOMMECOURT
gonesse,21103.6,102,GONESSE
gouaix,22979.23,41,GOUAIX
goupillieres,34774.51,27,GOUPILLIERES
gournay sur marne,29026.87,41,GOURNAY SUR MARNE
goussainville,19624.37,138,GOUSSAINVILLE
goussonville,32203.64,24,GOUSSONVILLE
gouvernes,32812.57,34,GOUVERNES
gouzangrez,30889.16,5,GOUZANGREZ
grandchamp,31122.91,25,GRANDCHAMP
grandpuits bailly carrois,24621.32,44,GRANDPUITS BAILLY CARROIS
gravon,26144.02,19,GRAVON
gressey,33200.45,31,GRESSEY
gressy,33328.04,17,GRESSY
gretz armainvilliers,25778.34,76,GRETZ ARMAINVILLIERS
grez sur loing,26623.16,49,GREZ SUR LOING
grigny,21005.56,71,GRIGNY
grisy les platres,32745.55,20,GRISY LES PLATRES
grisy suisnes,28099.91,91,GRISY SUISNES
grisy sur seine,21991.51,11,GRISY SUR SEINE
groslay,25635.38,66,GROSLAY
grosrouvre,40078.01,90,GROSROUVRE
guerard,28041.14,121,GUERARD
guercheville,27346.63,14,GUERCHEVILLE
guermantes,35115.7,21,GUERMANTES
guernes,28334.63,28,GUERNES
guerville,29411.46,73,GUERVILLE
guibeville,29043.65,18,GUIBEVILLE
guignes,25130.07,42,GUIGNES
guigneville sur essonne,28140.68,48,GUIGNEVILLE SUR ESSONNE
guillerval,27219.04,50,GUILLERVAL
guiry en vexin,29943.09,8,GUIRY EN VEXIN
guitrancourt,28959.04,21,GUITRANCOURT
gurcy le chatel,26662.43,33,GURCY LE CHATEL
guyancourt,31039.99,129,GUYANCOURT
haravilliers,30114.13,39,HARAVILLIERS
hardricourt,29528.93,41,HARDRICOURT
hargeville,35148.57,20,HARGEVILLE
haute isle,26419.68,22,HAUTE ISLE
hautefeuille,27951.91,20,HAUTEFEUILLE
hedouville,34143.97,14,HEDOUVILLE
herbeville,37692.67,25,HERBEVILLE
herblay,27212.19,208,HERBLAY
hericy,29427.31,72,HERICY
herme,23794.72,44,HERME
hermeray,33475.46,71,HERMERAY
herouville,31065.58,16,HEROUVILLE
hodent,28007.79,12,HODENT
hondevilliers,24626.67,22,HONDEVILLIERS
houdan,26652.16,49,HOUDAN
houilles,31737.27,111,HOUILLES
ichy,24225.89,7,ICHY
igny,33866.04,80,IGNY
isles les meldeuses,25263.58,21,ISLES LES MELDEUSES
isles les villenoy,27416.9,27,ISLES LES VILLENOY
issou,26552.81,45,ISSOU
issy les moulineaux,35908.2,94,ISSY LES MOULINEAUX
itteville,28801.38,124,ITTEVILLE
iverny,26930.91,13,IVERNY
ivry sur seine,22780.88,117,IVRY SUR SEINE
jablines,28773.03,18,JABLINES
jagny sous bois,30546.68,10,JAGNY SOUS BOIS
jaignes,28627.35,24,JAIGNES
jambville,30049.92,41,JAMBVILLE
janville sur juine,30750.52,59,JANVILLE SUR JUINE
janvry,33340.8,29,JANVRY
jaulnes,22909.21,25,JAULNES
jeufosse,25911.29,51,JEUFOSSE
joinville le pont,31612.46,56,JOINVILLE LE PONT
jossigny,28397.93,24,JOSSIGNY
jouarre,25461.32,128,JOUARRE
jouars pontchartrain,35551.05,116,JOUARS PONTCHARTRAIN
jouy en josas,37949.33,95,JOUY EN JOSAS
jouy le chatel,26001.08,94,JOUY LE CHATEL
jouy le moutier,27691.81,105,JOUY LE MOUTIER
jouy mauvoisin,27673.83,17,JOUY MAUVOISIN
jouy sur morin,23393.54,106,JOUY SUR MORIN
juilly,27385.22,26,JUILLY
jumeauville,30999.27,21,JUMEAUVILLE
jutigny,23434.08,16,JUTIGNY
juvisy sur orge,26041.0,56,JUVISY SUR ORGE
juziers,27995.81,69,JUZIERS
l etang la ville,43276.71,55,L ETANG LA VILLE
l hay les roses,29419.53,91,L HAY LES ROSES
l ile st denis,20916.43,18,L ILE ST DENIS
l isle adam,30146.46,130,L ISLE ADAM
la boissiere ecole,29401.31,61,LA BOISSIERE ECOLE
la brosse montceaux,25337.13,28,LA BROSSE MONTCEAUX
la celle les bordes,35539.08,50,LA CELLE LES BORDES
la celle st cloud,38758.24,109,LA CELLE ST CLOUD
la celle sur morin,28657.04,51,LA CELLE SUR MORIN
la chapelle en vexin,24605.46,10,LA CHAPELLE EN VEXIN
la chapelle gauthier,27269.77,35,LA CHAPELLE GAUTHIER
la chapelle iger,30417.27,13,LA CHAPELLE IGER
la chapelle la reine,26520.39,47,LA CHAPELLE LA REINE
la chapelle moutils,23859.9,53,LA CHAPELLE MOUTILS
la chapelle rablais,27330.7,35,LA CHAPELLE RABLAIS
la chapelle st sulpice,25485.32,9,LA CHAPELLE ST SULPICE
la courneuve,16607.01,94,LA COURNEUVE
la croix en brie,26738.84,42,LA CROIX EN BRIE
la falaise,29298.93,16,LA FALAISE
la ferte alais,28076.29,49,LA FERTE ALAIS
la ferte gaucher,22719.12,90,LA FERTE GAUCHER
la ferte sous jouarre,24267.96,140,LA FERTE SOUS JOUARRE
la foret le roi,28706.43,15,LA FORET LE ROI
la foret ste croix,27213.17,10,LA FORET STE CROIX
la frette sur seine,30508.01,39,LA FRETTE SUR SEINE
la garenne colombes,35671.94,44,LA GARENNE COLOMBES
la genevraye,26544.52,48,LA GENEVRAYE
la grande paroisse,24743.77,80,LA GRANDE PAROISSE
la haute maison,25814.07,27,LA HAUTE MAISON
la hauteville,35246.47,28,LA HAUTEVILLE
la houssaye en brie,28070.23,58,LA HOUSSAYE EN BRIE
la madeleine sur loing,25426.5,27,LA MADELEINE SUR LOING
la norville,30301.4,53,LA NORVILLE
la queue en brie,28263.41,82,LA QUEUE EN BRIE
la queue les yvelines,31072.21,45,LA QUEUE LES YVELINES
la roche guyon,27351.87,21,LA ROCHE GUYON
la rochette,31231.95,43,LA ROCHETTE
la tombe,24553.17,17,LA TOMBE
la tour du crieu,23315.85,1,LA TOUR DU CRIEU
la tretoire,25416.74,44,LA TRETOIRE
la verriere,25176.52,38,LA VERRIERE
la ville du bois,28750.53,69,LA VILLE DU BOIS
la villeneuve en chevrie,29010.74,44,LA VILLENEUVE EN CHEVRIE
labbeville,30322.27,28,LABBEVILLE
lagny sur marne,28254.63,121,LAGNY SUR MARNE
lainville en vexin,31049.58,34,LAINVILLE EN VEXIN
lanoux,19397.55,13,LANOUX
lapenne,20057.2,33,LAPENNE
larchant,28997.23,40,LARCHANT
lardy,29465.45,86,LARDY
lasserre,18698.7,6,LASSERRE
lassy,29150.51,7,LASSY
laval en brie,26150.97,35,LAVAL EN BRIE
le bellay en vexin,28766.83,7,LE BELLAY EN VEXIN
le blanc mesnil,19514.74,163,LE BLANC MESNIL
le bourget,19116.46,39,LE BOURGET
le chatelet en brie,28111.01,68,LE CHATELET EN BRIE
le chesnay,37280.41,98,LE CHESNAY
le coudray montceaux,29465.09,67,LE COUDRAY MONTCEAUX
le heaulme,29762.79,14,LE HEAULME
le kremlin bicetre,25344.13,35,LE KREMLIN BICETRE
le mas d azil,20102.43,7,LE MAS D AZIL
le mee sur seine,24245.29,98,LE MEE SUR SEINE
le mesnil amelot,24457.21,14,LE MESNIL AMELOT
le mesnil aubry,27813.69,20,LE MESNIL AUBRY
le mesnil le roi,41109.99,58,LE MESNIL LE ROI
le mesnil st denis,33699.87,95,LE MESNIL ST DENIS
le pecq,36179.52,62,LE PECQ
le perchay,30888.38,13,LE PERCHAY
le perray en yvelines,31154.19,122,LE PERRAY EN YVELINES
le perreux sur marne,32396.65,99,LE PERREUX SUR MARNE
le pin,28486.86,26,LE PIN
le plessis aux bois,26171.92,8,LE PLESSIS AUX BOIS
le plessis bouchard,29856.09,45,LE PLESSIS BOUCHARD
le plessis feu aussoux,28801.7,20,LE PLESSIS FEU AUSSOUX
le plessis gassot,27354.94,6,LE PLESSIS GASSOT
le plessis l eveque,27463.66,9,LE PLESSIS L EVEQUE
le plessis luzarches,28154.31,9,LE PLESSIS LUZARCHES
le plessis pate,29604.11,35,LE PLESSIS PATE
le plessis placy,25322.07,14,LE PLESSIS PLACY
le plessis robinson,34315.27,68,LE PLESSIS ROBINSON
le plessis trevise,30380.15,87,LE PLESSIS TREVISE
le port marly,31185.7,28,LE PORT MARLY
le pre st gervais,22291.0,18,LE PRE ST GERVAIS
le raincy,28683.73,55,LE RAINCY
le tartre gaudran,26867.32,11,LE TARTRE GAUDRAN
le tertre st denis,30968.45,9,LE TERTRE ST DENIS
le thillay,21693.48,44,LE THILLAY
le tremblay sur mauldre,33285.1,30,LE TREMBLAY SUR MAULDRE
le val st germain,31256.31,64,LE VAL ST GERMAIN
le vaudoue,28711.28,49,LE VAUDOUE
le vesinet,46862.49,122,LE VESINET
lechelle,24814.56,41,LECHELLE
les alluets le roi,37654.65,32,LES ALLUETS LE ROI
les breviaires,33565.18,62,LES BREVIAIRES
les chapelles bourbon,29839.0,17,LES CHAPELLES BOURBON
les clayes sous bois,30833.58,84,LES CLAYES SOUS BOIS
les ecrennes,27631.78,27,LES ECRENNES
les essarts le roi,32087.88,119,LES ESSARTS LE ROI
les granges le roi,28469.17,31,LES GRANGES LE ROI
les lilas,25356.36,27,LES LILAS
les loges en josas,42836.15,34,LES LOGES EN JOSAS
les marets,26550.02,12,LES MARETS
les mesnuls,38199.37,62,LES MESNULS
les molieres,35804.1,43,LES MOLIERES
les mureaux,21772.63,154,LES MUREAUX
les ormes sur voulzie,24408.22,40,LES ORMES SUR VOULZIE
les pavillons sous bois,22881.97,71,LES PAVILLONS SOUS BOIS
les ulis,24665.75,60,LES ULIS
lescherolles,25511.01,28,LESCHEROLLES
lesches,28949.22,27,LESCHES
lescousse,21156.71,24,LESCOUSSE
lesigny,33263.01,96,LESIGNY
leudeville,30920.97,33,LEUDEVILLE
leudon en brie,26582.45,11,LEUDON EN BRIE
leuville sur orge,27432.5,50,LEUVILLE SUR ORGE
levallois perret,37978.53,56,LEVALLOIS PERRET
levis st nom,35705.58,56,LEVIS ST NOM
lezat sur leze,22481.15,166,LEZAT SUR LEZE
lieusaint,24152.67,73,LIEUSAINT
limay,24019.61,130,LIMAY
limeil brevannes,24030.77,104,LIMEIL BREVANNES
limetz villez,26114.26,60,LIMETZ VILLEZ
limoges fourches,28418.44,22,LIMOGES FOURCHES
limours,31356.26,107,LIMOURS
linas,25938.04,96,LINAS
lisses,27457.65,76,LISSES
lissy,29197.87,12,LISSY
liverdy en brie,29999.67,41,LIVERDY EN BRIE
livilliers,31136.21,17,LIVILLIERS
livry gargan,22386.07,157,LIVRY GARGAN
livry sur seine,29704.08,36,LIVRY SUR SEINE
lizines,24152.04,10,LIZINES
lizy sur ourcq,22723.74,49,LIZY SUR OURCQ
lognes,23703.83,49,LOGNES
lommoye,27841.53,45,LOMMOYE
longjumeau,28174.85,95,LONGJUMEAU
longnes,29066.12,67,LONGNES
longperrier,25221.61,38,LONGPERRIER
longpont sur orge,27421.16,91,LONGPONT SUR ORGE
longuesse,30295.67,16,LONGUESSE
longueville,22031.75,46,LONGUEVILLE
longvilliers,37431.07,31,LONGVILLIERS
lorrez le bocage preaux,25592.88,75,LORREZ LE BOCAGE PREAUX
louan villegruis fontaine,23840.46,38,LOUAN VILLEGRUIS FONTAINE
louveciennes,38543.98,79,LOUVECIENNES
louvres,24811.07,74,LOUVRES
luisetaines,23593.63,15,LUISETAINES
lumigny nesles ormeaux,26848.24,83,LUMIGNY NESLES ORMEAUX
luzancy,25034.88,40,LUZANCY
luzarches,29437.15,103,LUZARCHES
machault,28535.86,27,MACHAULT
madiere,20550.23,36,MADIERE
maffliers,27489.25,33,MAFFLIERS
magnanville,26090.0,51,MAGNANVILLE
magny en vexin,25835.23,82,MAGNY EN VEXIN
magny le hongre,32413.1,64,MAGNY LE HONGRE
magny les hameaux,36083.98,99,MAGNY LES HAMEAUX
maincy,29424.2,50,MAINCY
maison rouge,25207.03,41,MAISON ROUGE
maisoncelles en brie,29163.08,28,MAISONCELLES EN BRIE
maisoncelles en gatinais,23018.04,9,MAISONCELLES EN GATINAIS
maisons alfort,28935.5,129,MAISONS ALFORT
maisons laffitte,40494.96,143,MAISONS LAFFITTE
maisse,24731.04,74,MAISSE
malakoff,29394.97,51,MALAKOFF
mandres les roses,29519.75,62,MANDRES LES ROSES
mantes la jolie,21117.65,134,MANTES LA JOLIE
mantes la ville,23534.85,129,MANTES LA VILLE
marchemoret,25892.05,11,MARCHEMORET
marcilly,26238.23,12,MARCILLY
marcoussis,29349.55,141,MARCOUSSIS
marcq,34314.77,26,MARCQ
mareil en france,28855.45,18,MAREIL EN FRANCE
mareil le guyon,35167.42,20,MAREIL LE GUYON
mareil marly,40942.41,45,MAREIL MARLY
mareil sur mauldre,35241.43,54,MAREIL SUR MAULDRE
mareuil les meaux,26988.49,56,MAREUIL LES MEAUX
margency,31256.89,18,MARGENCY
marines,28980.67,54,MARINES
marles en brie,26436.67,48,MARLES EN BRIE
marly la ville,26421.9,60,MARLY LA VILLE
marly le roi,37586.57,87,MARLY LE ROI
marnes la coquette,45672.98,30,MARNES LA COQUETTE
marolles en beauce,28918.91,10,MAROLLES EN BEAUCE
marolles en brie,29947.9,91,MAROLLES EN BRIE
marolles en hurepoix,29701.29,70,MAROLLES EN HUREPOIX
marolles sur seine,24823.35,45,MAROLLES SUR SEINE
mary sur marne,25939.9,21,MARY SUR MARNE
massy,27663.84,135,MASSY
mauchamps,31820.69,10,MAUCHAMPS
maudetour en vexin,30992.51,9,MAUDETOUR EN VEXIN
maule,33782.71,125,MAULE
maulette,30151.31,44,MAULETTE
mauperthuis,26738.59,23,MAUPERTHUIS
maurecourt,32294.03,43,MAURECOURT
mauregard,25182.66,7,MAUREGARD
maurepas,31835.01,120,MAUREPAS
mauvezin de ste croix,21127.76,12,MAUVEZIN DE STE CROIX
may en multien,25356.83,29,MAY EN MULTIEN
meaux,23679.61,243,MEAUX
medan,37103.98,33,MEDAN
meigneux,26599.46,11,MEIGNEUX
meilleray,23071.64,31,MEILLERAY
melun,22850.55,159,MELUN
melz sur seine,24545.81,22,MELZ SUR SEINE
menerville,27680.86,15,MENERVILLE
mennecy,30541.1,143,MENNECY
menouville,27458.58,5,MENOUVILLE
menucourt,27388.64,37,MENUCOURT
mercenac,20089.17,2,MERCENAC
mere,34670.03,62,MERE
mereville,26181.88,112,MEREVILLE
mericourt,25704.76,22,MERICOURT
meriel,28702.51,60,MERIEL
merigon,17527.98,17,MERIGON
merobert,25432.66,21,MEROBERT
mery sur marne,25721.48,39,MERY SUR MARNE
mery sur oise,27175.12,106,MERY SUR OISE
mespuits,27809.03,11,MESPUITS
messy,29904.39,20,MESSY
meudon,38038.94,123,MEUDON
meulan en yvelines,26292.08,64,MEULAN EN YVELINES
mezieres sur seine,29042.43,61,MEZIERES SUR SEINE
mezy sur seine,30113.2,46,MEZY SUR SEINE
millemont,34244.02,8,MILLEMONT
milly la foret,29119.02,114,MILLY LA FORET
milon la chapelle,42342.61,33,MILON LA CHAPELLE
mirepoix,20468.21,10,MIREPOIX
misy sur yonne,24237.57,38,MISY SUR YONNE
mitry mory,23514.34,138,MITRY MORY
mittainville,30602.21,52,MITTAINVILLE
moigny sur ecole,28903.43,50,MOIGNY SUR ECOLE
moisenay,29490.27,36,MOISENAY
moisselles,27537.01,11,MOISSELLES
moisson,28953.83,48,MOISSON
moissy cramayel,24433.84,94,MOISSY CRAMAYEL
mondeville,29431.68,32,MONDEVILLE
mondreville,26334.09,42,MONDREVILLE
monesple,17921.03,3,MONESPLE
monnerville,25373.18,16,MONNERVILLE
mons en montois,24963.36,21,MONS EN MONTOIS
montainville,34182.78,27,MONTAINVILLE
montalet le bois,33054.33,17,MONTALET LE BOIS
montardit,22510.0,10,MONTARDIT
montaut,24025.71,30,MONTAUT
montceaux les meaux,30528.38,24,MONTCEAUX LES MEAUX
montceaux les provins,24661.64,26,MONTCEAUX LES PROVINS
montchauvet,34011.41,17,MONTCHAUVET
montcourt fromonville,27435.34,44,MONTCOURT FROMONVILLE
montdauphin,22271.45,24,MONTDAUPHIN
montenils,24361.5,6,MONTENILS
montereau fault yonne,19488.58,131,MONTEREAU FAULT YONNE
montereau sur le jard,29157.85,18,MONTEREAU SUR LE JARD
montesson,34632.23,95,MONTESSON
montevrain,29307.04,92,MONTEVRAIN
montfa,15327.65,20,MONTFA
montfermeil,22454.78,130,MONTFERMEIL
montfort l amaury,39211.5,71,MONTFORT L AMAURY
montge en goele,30154.31,25,MONTGE EN GOELE
montgeron,28648.52,154,MONTGERON
montgeroult,32263.92,15,MONTGEROULT
monthyon,25651.74,34,MONTHYON
montigny le bretonneux,33172.94,137,MONTIGNY LE BRETONNEUX
montigny le guesdier,24924.02,19,MONTIGNY LE GUESDIER
montigny lencoup,25150.11,56,MONTIGNY LENCOUP
montigny les cormeilles,25004.28,95,MONTIGNY LES CORMEILLES
montigny sur loing,30750.71,97,MONTIGNY SUR LOING
montlhery,29067.99,80,MONTLHERY
montlignon,33397.22,40,MONTLIGNON
montmachoux,25287.2,10,MONTMACHOUX
montmagny,23385.34,64,MONTMAGNY
montmorency,30992.16,124,MONTMORENCY
montolivet,24906.98,30,MONTOLIVET
montreuil,22966.04,208,MONTREUIL
montreuil sur epte,26058.78,28,MONTREUIL SUR EPTE
montrouge,31991.81,51,MONTROUGE
montry,28354.32,54,MONTRY
montsoult,29363.69,36,MONTSOULT
morainvilliers,36716.23,59,MORAINVILLIERS
morangis,27566.05,89,MORANGIS
moret loing et orvanne,26870.87,231,MORET LOING ET ORVANNE
morigny champigny,28884.6,100,MORIGNY CHAMPIGNY
mormant,25203.14,60,MORMANT
morsang sur orge,26765.78,108,MORSANG SUR ORGE
morsang sur seine,36092.37,41,MORSANG SUR SEINE
mortcerf,29074.53,37,MORTCERF
mortery,27171.57,16,MORTERY
mouroux,25028.92,144,MOUROUX
mours,27302.68,21,MOURS
mousseaux les bray,23034.63,22,MOUSSEAUX LES BRAY
mousseaux sur seine,29353.57,33,MOUSSEAUX SUR SEINE
moussy,26902.88,3,MOUSSY
moussy le neuf,28250.57,44,MOUSSY LE NEUF
moussy le vieux,27689.83,14,MOUSSY LE VIEUX
mouy sur seine,23831.01,33,MOUY SUR SEINE
mulcent,32559.73,9,MULCENT
nainville les roches,28734.81,18,NAINVILLE LES ROCHES
nandy,27816.6,63,NANDY
nangis,22547.33,88,NANGIS
nanteau sur essonne,28593.75,41,NANTEAU SUR ESSONNE
nanteau sur lunain,27466.25,43,NANTEAU SUR LUNAIN
nanterre,26550.73,227,NANTERRE
nanteuil les meaux,27016.13,90,NANTEUIL LES MEAUX
nanteuil sur marne,23087.08,12,NANTEUIL SUR MARNE
nantouillet,28566.47,9,NANTOUILLET
neauphle le chateau,34668.59,48,NEAUPHLE LE CHATEAU
neauphle le vieux,36822.37,22,NEAUPHLE LE VIEUX
neauphlette,29426.59,40,NEAUPHLETTE
nemours,22839.05,108,NEMOURS
nerville la foret,27186.12,22,NERVILLE LA FORET
nesles la vallee,31710.3,82,NESLES LA VALLEE
neufmoutiers en brie,28101.89,38,NEUFMOUTIERS EN BRIE
neuilly en vexin,26952.59,7,NEUILLY EN VEXIN
neuilly plaisance,27164.78,80,NEUILLY PLAISANCE
neuilly sur marne,23244.53,105,NEUILLY SUR MARNE
neuilly sur seine,47347.82,92,NEUILLY SUR SEINE
neuville sur oise,31703.75,43,NEUVILLE SUR OISE
nezel,28833.39,25,NEZEL
nogent sur marne,34726.91,72,NOGENT SUR MARNE
nointel,27837.9,21,NOINTEL
noiseau,30244.32,39,NOISEAU
noisiel,24876.51,57,NOISIEL
noisy le grand,26353.89,231,NOISY LE GRAND
noisy le roi,40136.44,59,NOISY LE ROI
noisy le sec,20612.5,101,NOISY LE SEC
noisy rudignon,26592.36,16,NOISY RUDIGNON
noisy sur ecole,33032.19,142,NOISY SUR ECOLE
noisy sur oise,26775.81,24,NOISY SUR OISE
nonville,27869.77,52,NONVILLE
noyen sur seine,23883.89,33,NOYEN SUR SEINE
nozay,30140.65,67,NOZAY
nucourt,28551.79,29,NUCOURT
obsonville,22945.69,6,OBSONVILLE
ocquerre,24154.26,14,OCQUERRE
oinville sur montcient,31031.88,37,OINVILLE SUR MONTCIENT
oissery,27656.34,46,OISSERY
ollainville,27089.49,84,OLLAINVILLE
omerville,26319.11,19,OMERVILLE
oncy sur ecole,29914.54,39,ONCY SUR ECOLE
orcemont,31204.57,39,ORCEMONT
orgerus,30921.6,97,ORGERUS
orgeval,39070.87,132,ORGEVAL
orly,23295.93,80,ORLY
orly sur morin,24727.99,35,ORLY SUR MORIN
ormesson,29253.84,13,ORMESSON
ormesson sur marne,30959.14,68,ORMESSON SUR MARNE
ormoy,25619.36,28,ORMOY
ormoy la riviere,29529.05,48,ORMOY LA RIVIERE
orphin,31780.96,46,ORPHIN
orsay,33670.31,125,ORSAY
orsonville,27080.89,15,ORSONVILLE
orveau,29301.45,16,ORVEAU
orvilliers,25378.54,35,ORVILLIERS
osmoy,31009.33,21,OSMOY
osny,27697.02,142,OSNY
othis,27901.34,73,OTHIS
ozoir la ferriere,29240.86,161,OZOIR LA FERRIERE
ozouer le voulgis,27365.49,46,OZOUER LE VOULGIS
pailhes,18971.57,52,PAILHES
palaiseau,31532.15,184,PALAISEAU
paley,27512.37,64,PALEY
pamfou,26675.97,34,PAMFOU
pamiers,22480.52,303,PAMIERS
pantin,20785.34,86,PANTIN
paray douaville,30199.86,15,PARAY DOUAVILLE
paray vieille poste,25727.97,42,PARAY VIEILLE POSTE
paris 01,43924.85,35,PARIS 01
paris 02,39936.54,25,PARIS 02
paris 03,39692.16,31,PARIS 03
paris 04,40678.84,38,PARIS 04
paris 05,39631.77,57,PARIS 05
paris 06,48004.09,52,PARIS 06
paris 07,51090.29,94,PARIS 07
paris 08,46465.69,87,PARIS 08
paris 09,41982.8,52,PARIS 09
paris 10,32951.61,70,PARIS 10
paris 11,33431.91,89,PARIS 11
paris 12,34308.61,172,PARIS 12
paris 13,29564.53,153,PARIS 13
paris 14,35759.41,132,PARIS 14
paris 15,36331.62,181,PARIS 15
paris 16,45662.86,214,PARIS 16
paris 17,38343.83,137,PARIS 17
paris 18,27244.48,133,PARIS 18
paris 19,25739.12,145,PARIS 19
paris 20,26716.91,139,PARIS 20
parmain,30923.67,104,PARMAIN
paroy,23987.5,12,PAROY
passy sur seine,25819.5,6,PASSY SUR SEINE
pecqueuse,33170.21,23,PECQUEUSE
pecy,27586.65,43,PECY
penchard,26622.62,23,PENCHARD
perdreauville,29802.96,42,PERDREAUVILLE
perigny,28810.56,32,PERIGNY
persan,20580.84,70,PERSAN
perthes,28919.84,77,PERTHES
pezarches,26562.32,21,PEZARCHES
pierre levee,26859.67,26,PIERRE LEVEE
pierrefitte sur seine,17883.44,86,PIERREFITTE SUR SEINE
pierrelaye,24571.66,83,PIERRELAYE
piscop,28392.16,29,PISCOP
plaisir,32148.74,201,PLAISIR
plessis st benoist,25779.45,14,PLESSIS ST BENOIST
poigny,24292.89,30,POIGNY
poigny la foret,35307.0,72,POIGNY LA FORET
poincy,26667.96,38,POINCY
poissy,29360.78,144,POISSY
poligny,26270.37,57,POLIGNY
pommeuse,25873.74,119,POMMEUSE
pomponne,32269.49,56,POMPONNE
pontault combault,26482.72,178,PONTAULT COMBAULT
pontcarre,28936.03,26,PONTCARRE
ponthevrard,29687.54,18,PONTHEVRARD
pontoise,25904.66,148,PONTOISE
porcheville,25969.19,49,PORCHEVILLE
precy sur marne,28521.94,16,PRECY SUR MARNE
presles,30013.53,77,PRESLES
presles en brie,28745.13,61,PRESLES EN BRIE
pringy,28185.05,52,PRINGY
provins,24062.51,130,PROVINS
prunay en yvelines,30701.53,51,PRUNAY EN YVELINES
prunay le temple,30057.76,22,PRUNAY LE TEMPLE
prunay sur essonne,28949.66,14,PRUNAY SUR ESSONNE
puiselet le marais,31148.92,19,PUISELET LE MARAIS
puiseux en france,26788.53,27,PUISEUX EN FRANCE
puiseux pontoise,29364.13,16,PUISEUX PONTOISE
puisieux,26610.85,15,PUISIEUX
pussay,23880.75,39,PUSSAY
puteaux,32883.86,60,PUTEAUX
quiers,25918.52,22,QUIERS
quincy sous senart,25872.67,57,QUINCY SOUS SENART
quincy voisins,27448.46,85,QUINCY VOISINS
raizeux,32308.05,53,RAIZEUX
rambouillet,31592.86,217,RAMBOUILLET
rampillon,26276.48,54,RAMPILLON
reau,25658.26,27,REAU
rebais,23941.06,57,REBAIS
recloses,30795.78,34,RECLOSES
remauville,25280.94,22,REMAUVILLE
rennemoulin,42043.91,7,RENNEMOULIN
reuil en brie,25973.57,39,REUIL EN BRIE
richarville,28239.59,18,RICHARVILLE
richebourg,32662.04,46,RICHEBOURG
ris orangis,23314.43,109,RIS ORANGIS
rochefort en yvelines,38289.58,42,ROCHEFORT EN YVELINES
roinville,30467.73,49,ROINVILLE
roinvilliers,28677.33,8,ROINVILLIERS
roissy en brie,26161.54,116,ROISSY EN BRIE
roissy en france,26201.84,21,ROISSY EN FRANCE
rolleboise,26417.46,17,ROLLEBOISE
romainville,22388.84,69,ROMAINVILLE
ronquerolles,30240.0,41,RONQUEROLLES
rosay,29133.37,31,ROSAY
rosny sous bois,23271.3,125,ROSNY SOUS BOIS
rosny sur seine,24129.77,88,ROSNY SUR SEINE
rouilly,23202.03,22,ROUILLY
rouvres,28013.92,14,ROUVRES
rozay en brie,25995.06,42,ROZAY EN BRIE
rubelles,28135.39,36,RUBELLES
rueil malmaison,41640.95,281,RUEIL MALMAISON
rumont,27906.18,9,RUMONT
rungis,31660.7,33,RUNGIS
rupereux,25421.28,12,RUPEREUX
saacy sur marne,23358.97,71,SAACY SUR MARNE
sabarat,21429.33,36,SABARAT
sablonnieres,25010.59,62,SABLONNIERES
saclas,26873.64,76,SACLAS
saclay,33712.27,47,SACLAY
sagy,28753.13,44,SAGY
sailly,24257.21,18,SAILLY
saintry sur seine,28599.5,59,SAINTRY SUR SEINE
saints,27504.23,136,SAINTS
salins,25168.45,45,SALINS
sammeron,26931.66,31,SAMMERON
samois sur seine,32075.13,66,SAMOIS SUR SEINE
samoreau,29145.06,47,SAMOREAU
sancy,27745.04,14,SANCY
sancy les provins,25343.54,30,SANCY LES PROVINS
sannois,26768.09,103,SANNOIS
santeny,34627.89,79,SANTENY
santeuil,31661.06,22,SANTEUIL
sarcelles,20090.51,161,SARCELLES
sartrouville,28653.62,194,SARTROUVILLE
saulx les chartreux,29176.08,91,SAULX LES CHARTREUX
saulx marchais,29379.93,13,SAULX MARCHAIS
savigny le temple,24458.16,160,SAVIGNY LE TEMPLE
savigny sur orge,28026.36,164,SAVIGNY SUR ORGE
savins,24129.69,29,SAVINS
sceaux,42927.65,69,SCEAUX
seine port,33560.74,63,SEINE PORT
senlisse,37376.82,32,SENLISSE
sept sorts,25745.07,21,SEPT SORTS
septeuil,29224.59,84,SEPTEUIL
seraincourt,30526.08,59,SERAINCOURT
sermaise,30051.6,72,SERMAISE
serris,27019.59,44,SERRIS
servon,30160.02,55,SERVON
seugy,30246.39,22,SEUGY
sevran,19755.06,145,SEVRAN
sevres,41055.37,80,SEVRES
signy signets,26423.82,34,SIGNY SIGNETS
sigy,24381.72,8,SIGY
sivry courtry,29050.58,39,SIVRY COURTRY
sognolles en montois,24205.77,16,SOGNOLLES EN MONTOIS
soignolles en brie,28246.95,65,SOIGNOLLES EN BRIE
soindres,30223.05,21,SOINDRES
soisy bouy,24727.5,32,SOISY BOUY
soisy sous montmorency,29714.48,94,SOISY SOUS MONTMORENCY
soisy sur ecole,27902.43,61,SOISY SUR ECOLE
soisy sur seine,34123.86,82,SOISY SUR SEINE
solers,27253.83,28,SOLERS
sonchamp,31831.86,102,SONCHAMP
souppes sur loing,22660.55,167,SOUPPES SUR LOING
sourdun,24210.17,40,SOURDUN
souzy la briche,31540.82,19,SOUZY LA BRICHE
st amans,20487.23,3,ST AMANS
st arnoult en yvelines,32686.17,103,ST ARNOULT EN YVELINES
st aubin,37831.29,21,ST AUBIN
st augustin,27574.77,108,ST AUGUSTIN
st barthelemy,23285.94,36,ST BARTHELEMY
st brice,26140.89,41,ST BRICE
st brice sous foret,26703.75,80,ST BRICE SOUS FORET
st cheron,28604.86,95,ST CHERON
st clair sur epte,24953.32,30,ST CLAIR SUR EPTE
st cloud,44070.66,106,ST CLOUD
st cyr en arthies,29479.81,15,ST CYR EN ARTHIES
st cyr l ecole,30056.64,77,ST CYR L ECOLE
st cyr la riviere,28654.48,39,ST CYR LA RIVIERE
st cyr sous dourdan,31039.77,51,ST CYR SOUS DOURDAN
st cyr sur morin,25782.08,114,ST CYR SUR MORIN
st denis,18563.67,220,ST DENIS
st denis les rebais,26313.2,78,ST DENIS LES REBAIS
st escobille,26743.21,25,ST ESCOBILLE
st fargeau ponthierry,29123.5,192,ST FARGEAU PONTHIERRY
st felix de tournegat,18962.53,16,ST FELIX DE TOURNEGAT
st fiacre,28639.44,14,ST FIACRE
st forget,41491.93,33,ST FORGET
st germain de la grange,35477.78,36,ST GERMAIN DE LA GRANGE
st germain en laye,37591.45,232,ST GERMAIN EN LAYE
st germain laval,24462.87,64,ST GERMAIN LAVAL
st germain laxis,28720.8,17,ST GERMAIN LAXIS
st germain les arpajon,25961.48,107,ST GERMAIN LES ARPAJON
st germain les corbeil,31958.76,74,ST GERMAIN LES CORBEIL
st germain sous doue,26537.01,31,ST GERMAIN SOUS DOUE
st germain sur ecole,27727.28,15,ST GERMAIN SUR ECOLE
st germain sur morin,27812.97,59,ST GERMAIN SUR MORIN
st gervais,29323.33,38,ST GERVAIS
st gratien,28422.77,64,ST GRATIEN
st hilaire,29419.57,25,ST HILAIRE
st hilarion,31138.84,71,ST HILARION
st hilliers,23710.53,31,ST HILLIERS
st illiers la ville,29365.32,26,ST ILLIERS LA VILLE
st illiers le bois,29904.32,17,ST ILLIERS LE BOIS
st jean de beauregard,29215.01,16,ST JEAN DE BEAUREGARD
st jean les deux jumeaux,26751.89,49,ST JEAN LES DEUX JUMEAUX
st just en brie,26770.0,19,ST JUST EN BRIE
st lambert,42503.46,27,ST LAMBERT
st leger,26077.27,20,ST LEGER
st leger en yvelines,32894.26,80,ST LEGER EN YVELINES
st leu la foret,30390.28,89,ST LEU LA FORET
st loup de naud,25701.56,36,ST LOUP DE NAUD
st mammes,24629.56,47,ST MAMMES
st mande,34326.55,25,ST MANDE
st mard,27518.39,52,ST MARD
st mars vieux maisons,25468.96,31,ST MARS VIEUX MAISONS
st martin d oydes,24403.99,12,ST MARTIN D OYDES
st martin de brethencourt,28718.37,41,ST MARTIN DE BRETHENCOURT
st martin des champs,27295.0,65,ST MARTIN DES CHAMPS
st martin du boschet,24047.08,33,ST MARTIN DU BOSCHET
st martin du tertre,25839.79,36,ST MARTIN DU TERTRE
st martin en biere,31073.49,45,ST MARTIN EN BIERE
st martin la garenne,30590.23,46,ST MARTIN LA GARENNE
st maur des fosses,33951.15,283,ST MAUR DES FOSSES
st maurice,31457.08,33,ST MAURICE
st maurice montcouronne,33059.06,55,ST MAURICE MONTCOURONNE
st mery,28936.3,18,ST MERY
st mesmes,31228.92,17,ST MESMES
st michel,20145.34,15,ST MICHEL
st michel sur orge,25543.17,96,ST MICHEL SUR ORGE
st nom la breteche,44753.04,111,ST NOM LA BRETECHE
st ouen,21313.35,84,ST OUEN
st ouen en brie,25360.54,21,ST OUEN EN BRIE
st ouen l aumone,24663.49,138,ST OUEN L AUMONE
st ouen sur morin,25784.62,30,ST OUEN SUR MORIN
st pathus,27077.25,69,ST PATHUS
st pierre du perray,28093.0,98,ST PIERRE DU PERRAY
st pierre les nemours,26176.16,129,ST PIERRE LES NEMOURS
st prix,33141.97,81,ST PRIX
st quirc,22126.76,18,ST QUIRC
st remy l honore,37368.64,86,ST REMY L HONORE
st remy la vanne,25044.75,67,ST REMY LA VANNE
st remy les chevreuse,36807.88,121,ST REMY LES CHEVREUSE
st sauveur les bray,25872.52,29,ST SAUVEUR LES BRAY
st sauveur sur ecole,32480.17,38,ST SAUVEUR SUR ECOLE
st simeon,26943.84,75,ST SIMEON
st soupplets,25043.44,42,ST SOUPPLETS
st sulpice de favieres,33802.34,21,ST SULPICE DE FAVIERES
st thibault des vignes,29395.31,58,ST THIBAULT DES VIGNES
st vrain,30424.22,62,ST VRAIN
st witz,34773.1,40,ST WITZ
st ybars,22720.91,3,ST YBARS
st yon,30114.54,36,ST YON
stains,17648.91,100,STAINS
ste aulde,26727.48,50,STE AULDE
ste colombe,23431.96,49,STE COLOMBE
ste croix volvestre,20303.9,83,STE CROIX VOLVESTRE
ste genevieve des bois,27587.22,188,STE GENEVIEVE DES BOIS
ste mesme,33376.66,35,STE MESME
sucy en brie,31130.78,158,SUCY EN BRIE
suresnes,37605.3,85,SURESNES
survilliers,25118.01,31,SURVILLIERS
tacoignieres,31064.9,44,TACOIGNIERES
tancrou,26885.23,25,TANCROU
taverny,27963.11,145,TAVERNY
tessancourt sur aubette,29364.1,35,TESSANCOURT SUR AUBETTE
themericourt,30709.81,16,THEMERICOURT
thenisy,25795.7,10,THENISY
theuville,25360.23,6,THEUVILLE
thiais,27883.25,94,THIAIS
thieux,24503.9,18,THIEUX
thiverval grignon,33167.99,34,THIVERVAL GRIGNON
thoiry,32078.85,34,THOIRY
thomery,29093.45,69,THOMERY
thorigny sur marne,28832.38,83,THORIGNY SUR MARNE
thoury ferottes,25706.41,31,THOURY FEROTTES
tigeaux,28975.66,24,TIGEAUX
tigery,28271.27,43,TIGERY
tilly,29541.17,38,TILLY
torcy,25332.47,88,TORCY
torfou,32132.6,11,TORFOU
touquin,27893.05,53,TOUQUIN
tournan en brie,28288.04,92,TOURNAN EN BRIE
tourtouse,19725.29,32,TOURTOUSE
tousson,28054.03,14,TOUSSON
toussus le noble,37266.97,19,TOUSSUS LE NOBLE
trappes,21367.26,102,TRAPPES
tremblay en france,23287.63,159,TREMBLAY EN FRANCE
tremoulet,19424.88,12,TREMOULET
treuzy levelay,27560.4,33,TREUZY LEVELAY
triel sur seine,31424.79,137,TRIEL SUR SEINE
trilbardou,25530.69,21,TRILBARDOU
trilport,26375.5,64,TRILPORT
trocy en multien,26438.06,11,TROCY EN MULTIEN
unzent,19713.76,7,UNZENT
ury,28877.77,27,URY
us,28544.69,33,US
ussy sur marne,26944.96,35,USSY SUR MARNE
vaires sur marne,29027.82,69,VAIRES SUR MARNE
valence en brie,25463.32,25,VALENCE EN BRIE
valenton,19672.02,51,VALENTON
vallangoujard,31630.06,32,VALLANGOUJARD
valmondois,30434.22,35,VALMONDOIS
valpuiseaux,27961.5,43,VALPUISEAUX
vanves,33190.65,39,VANVES
vanville,26331.04,16,VANVILLE
varennes jarcy,31657.41,64,VARENNES JARCY
varennes sur seine,21829.57,69,VARENNES SUR SEINE
varreddes,27173.04,42,VARREDDES
vaucourtois,27008.26,14,VAUCOURTOIS
vaucresson,48527.06,59,VAUCRESSON
vaudherland,22814.25,2,VAUDHERLAND
vaudoy en brie,26626.65,39,VAUDOY EN BRIE
vaugrigneuse,29701.94,43,VAUGRIGNEUSE
vauhallan,36488.79,36,VAUHALLAN
vaujours,24269.45,42,VAUJOURS
vaureal,28190.54,86,VAUREAL
vaux le penil,27738.57,115,VAUX LE PENIL
vaux sur lunain,23719.99,14,VAUX SUR LUNAIN
vaux sur seine,31863.8,108,VAUX SUR SEINE
vayres sur essonne,27172.72,28,VAYRES SUR ESSONNE
velizy villacoublay,32313.88,72,VELIZY VILLACOUBLAY
vemars,27873.59,30,VEMARS
vendrest,25601.17,24,VENDREST
verdelot,25314.31,86,VERDELOT
verneuil l etang,24873.89,45,VERNEUIL L ETANG
verneuil sur seine,33000.59,97,VERNEUIL SUR SEINE
vernou la celle sur seine,26232.62,95,VERNOU LA CELLE SUR SEINE
vernouillet,34119.83,100,VERNOUILLET
verrieres le buisson,37038.43,132,VERRIERES LE BUISSON
versailles,35926.3,264,VERSAILLES
vert,31208.84,29,VERT
vert le grand,29569.84,39,VERT LE GRAND
vert le petit,28050.43,45,VERT LE PETIT
vert st denis,26511.41,87,VERT ST DENIS
vetheuil,28918.91,42,VETHEUIL
viarmes,26730.32,91,VIARMES
vicq,34794.99,27,VICQ
videlles,28870.93,39,VIDELLES
vieille eglise en yvelines,35569.22,31,VIEILLE EGLISE EN YVELINES
vienne en arthies,30082.73,30,VIENNE EN ARTHIES
vieux champagne,25441.31,15,VIEUX CHAMPAGNE
vignely,28852.35,11,VIGNELY
vigneux sur seine,23814.8,134,VIGNEUX SUR SEINE
vigny,29314.04,28,VIGNY
villabe,25275.75,55,VILLABE
villaines sous bois,29143.57,17,VILLAINES SOUS BOIS
ville d avray,41938.47,44,VILLE D AVRAY
ville st jacques,26476.26,27,VILLE ST JACQUES
villebeon,25306.78,39,VILLEBEON
villebon sur yvette,29026.72,86,VILLEBON SUR YVETTE
villecerf,25848.87,29,VILLECERF
villeconin,30194.69,48,VILLECONIN
villecresnes,30064.27,108,VILLECRESNES
villejuif,24348.54,122,VILLEJUIF
villejust,28747.99,48,VILLEJUST
villemarechal,26264.88,73,VILLEMARECHAL
villemareuil,28243.46,21,VILLEMAREUIL
villemer,27183.87,53,VILLEMER
villemoisson sur orge,30753.54,53,VILLEMOISSON SUR ORGE
villemomble,25594.17,105,VILLEMOMBLE
villenauxe la petite,23686.04,38,VILLENAUXE LA PETITE
villeneuve du pareage,24732.42,44,VILLENEUVE DU PAREAGE
villeneuve la garenne,22201.46,48,VILLENEUVE LA GARENNE
villeneuve le comte,28621.24,39,VILLENEUVE LE COMTE
villeneuve le roi,23079.7,116,VILLENEUVE LE ROI
villeneuve les bordes,25336.3,39,VILLENEUVE LES BORDES
villeneuve sous dammartin,23223.42,13,VILLENEUVE SOUS DAMMARTIN
villeneuve st denis,29264.95,26,VILLENEUVE ST DENIS
villeneuve st georges,19020.92,118,VILLENEUVE ST GEORGES
villeneuve sur auvers,29787.01,25,VILLENEUVE SUR AUVERS
villeneuve sur bellot,22598.92,66,VILLENEUVE SUR BELLOT
villennes sur seine,40973.39,100,VILLENNES SUR SEINE
villenoy,26249.15,41,VILLENOY
villeparisis,23695.84,113,VILLEPARISIS
villepinte,20999.2,140,VILLEPINTE
villepreux,35260.17,79,VILLEPREUX
villeron,26742.98,21,VILLERON
villeroy,28152.23,13,VILLEROY
villers en arthies,28494.64,37,VILLERS EN ARTHIES
villetaneuse,18323.01,44,VILLETANEUSE
villette,31970.39,29,VILLETTE
villevaude,28173.82,74,VILLEVAUDE
villiers adam,29275.7,29,VILLIERS ADAM
villiers en biere,29107.53,22,VILLIERS EN BIERE
villiers le bacle,35651.34,24,VILLIERS LE BACLE
villiers le bel,18761.49,84,VILLIERS LE BEL
villiers le mahieu,30962.44,31,VILLIERS LE MAHIEU
villiers le sec,27928.61,5,VILLIERS LE SEC
villiers sous grez,30428.31,32,VILLIERS SOUS GREZ
villiers st frederic,33251.85,66,VILLIERS ST FREDERIC
villiers st georges,24508.93,49,VILLIERS ST GEORGES
villiers sur marne,27299.89,98,VILLIERS SUR MARNE
villiers sur morin,27590.22,52,VILLIERS SUR MORIN
villiers sur orge,29152.3,35,VILLIERS SUR ORGE
villiers sur seine,24953.35,23,VILLIERS SUR SEINE
villuis,25676.65,17,VILLUIS
vimpelles,24290.98,29,VIMPELLES
vinantes,25338.17,11,VINANTES
vincennes,34347.22,42,VINCENNES
vincy manoeuvre,25658.15,10,VINCY MANOEUVRE
viroflay,38359.61,54,VIROFLAY
viry chatillon,24899.61,132,VIRY CHATILLON
vitry sur seine,23438.94,231,VITRY SUR SEINE
voinsles,28741.33,38,VOINSLES
voisenon,29193.13,23,VOISENON
voisins le bretonneux,38331.82,78,VOISINS LE BRETONNEUX
voulangis,29041.04,64,VOULANGIS
voulton,27410.53,31,VOULTON
voulx,23659.22,57,VOULX
vulaines les provins,28159.15,9,VULAINES LES PROVINS
vulaines sur seine,30337.31,59,VULAINES SUR SEINE
wissous,29948.18,67,WISSOUS
wy dit joli village,32961.78,24,WY DIT JOLI VILLAGE
yebles,26565.4,29,YEBLES
yerres,29659.45,174,YERRES
